-- crear tabla de alumno

CREATE TABLE alumno (
    id_alumno INT PRIMARY KEY,
    nombre VARCHAR(255) NOT NULL,
    email VARCHAR(255) NOT NULL UNIQUE
);

INSERT INTO alumno (id_alumno, nombre, email) VALUES (1, 'Jafet Casals', 'Jafet_Casals@gmail.com');
INSERT INTO alumno (id_alumno, nombre, email) VALUES (2, 'Jorge Manzanares', 'Jorge_Manzanares@gmail.com');
INSERT INTO alumno (id_alumno, nombre, email) VALUES (3, 'Onofre Adadia', 'Onofre_Adadia@gmail.com');
INSERT INTO alumno (id_alumno, nombre, email) VALUES (4, 'Merche Prada', 'Merche_Prada@gmail.com');
INSERT INTO alumno (id_alumno, nombre, email) VALUES (5, 'Pilar Abella', 'Pilar_Abella@gmail.com');
INSERT INTO alumno (id_alumno, nombre, email) VALUES (6, 'Leoncio Tena', 'Leoncio_Tena@gmail.com');
INSERT INTO alumno (id_alumno, nombre, email) VALUES (7, 'Odalys Torrijos', 'Odalys_Torrijos@gmail.com');
INSERT INTO alumno (id_alumno, nombre, email) VALUES (8, 'Eduardo Caparrós', 'Eduardo_Caparrós@gmail.com');
INSERT INTO alumno (id_alumno, nombre, email) VALUES (9, 'Ignacio Goicoechea', 'Ignacio_Goicoechea@gmail.com');
INSERT INTO alumno (id_alumno, nombre, email) VALUES (10, 'Clementina Santos', 'Clementina_Santos@gmail.com');
INSERT INTO alumno (id_alumno, nombre, email) VALUES (11, 'Daniela Falcó', 'Daniela_Falcó@gmail.com');
INSERT INTO alumno (id_alumno, nombre, email) VALUES (12, 'Abraham Vélez', 'Abraham_Vélez@gmail.com');
INSERT INTO alumno (id_alumno, nombre, email) VALUES (13, 'Maximiliano Menéndez', 'Maximiliano_Menéndez@gmail.com');
INSERT INTO alumno (id_alumno, nombre, email) VALUES (14, 'Anita Heredia', 'Anita_Heredia@gmail.com');
INSERT INTO alumno (id_alumno, nombre, email) VALUES (15, 'Eli Casas', 'Eli_Casas@gmail.com');
INSERT INTO alumno (id_alumno, nombre, email) VALUES (16, 'Guillermo Borrego', 'Guillermo_Borrego@gmail.com');
INSERT INTO alumno (id_alumno, nombre, email) VALUES (17, 'Sergio Aguirre', 'Sergio_Aguirre@gmail.com');
INSERT INTO alumno (id_alumno, nombre, email) VALUES (18, 'Carlito Carrión', 'Carlito_Carrión@gmail.com');
INSERT INTO alumno (id_alumno, nombre, email) VALUES (19, 'Haydée Figueroa', 'Haydée_Figueroa@gmail.com');
INSERT INTO alumno (id_alumno, nombre, email) VALUES (20, 'Chita Mancebo', 'Chita_Mancebo@gmail.com');
INSERT INTO alumno (id_alumno, nombre, email) VALUES (21, 'Joaquina Asensio', 'Joaquina_Asensio@gmail.com');
INSERT INTO alumno (id_alumno, nombre, email) VALUES (22, 'Cristian Sarabia', 'Cristian_Sarabia@gmail.com');
INSERT INTO alumno (id_alumno, nombre, email) VALUES (23, 'Isabel Ibáñez', 'Isabel_Ibáñez@gmail.com');
INSERT INTO alumno (id_alumno, nombre, email) VALUES (24, 'Desiderio Jordá', 'Desiderio_Jordá@gmail.com');
INSERT INTO alumno (id_alumno, nombre, email) VALUES (25, 'Rosalina Llanos', 'Rosalina_Llanos@gmail.com');
INSERT INTO alumno (id_alumno, nombre, email) VALUES (26, 'Amor Larrañaga', 'Amor_Larrañaga@gmail.com');
INSERT INTO alumno (id_alumno, nombre, email) VALUES (27, 'Teodoro Alberola', 'Teodoro_Alberola@gmail.com');
INSERT INTO alumno (id_alumno, nombre, email) VALUES (28, 'Cleto Plana', 'Cleto_Plana@gmail.com');
INSERT INTO alumno (id_alumno, nombre, email) VALUES (29, 'Aitana Sebastián', 'Aitana_Sebastián@gmail.com');
INSERT INTO alumno (id_alumno, nombre, email) VALUES (30, 'Dolores Valbuena', 'Dolores_Valbuena@gmail.com');
INSERT INTO alumno (id_alumno, nombre, email) VALUES (31, 'Julie Ferrer', 'Julie_Ferrer@gmail.com');
INSERT INTO alumno (id_alumno, nombre, email) VALUES (32, 'Mireia Cabañas', 'Mireia_Cabañas@gmail.com');
INSERT INTO alumno (id_alumno, nombre, email) VALUES (33, 'Flavia Amador', 'Flavia_Amador@gmail.com');
INSERT INTO alumno (id_alumno, nombre, email) VALUES (34, 'Albino Macias', 'Albino_Macias@gmail.com');
INSERT INTO alumno (id_alumno, nombre, email) VALUES (35, 'Ester Sánchez', 'Ester_Sánchez@gmail.com');
INSERT INTO alumno (id_alumno, nombre, email) VALUES (36, 'Luis Miguel Galvez', 'Luis_Miguel_Galvez@gmail.com');
INSERT INTO alumno (id_alumno, nombre, email) VALUES (37, 'Loida Arellano', 'Loida_Arellano@gmail.com');
INSERT INTO alumno (id_alumno, nombre, email) VALUES (38, 'Heraclio Duque', 'Heraclio_Duque@gmail.com');
INSERT INTO alumno (id_alumno, nombre, email) VALUES (39, 'Herberto Figueras', 'Herberto_Figueras@gmail.com');
INSERT INTO alumno (id_alumno, nombre, email) VALUES (40, 'Teresa Laguna', 'Teresa_Laguna@gmail.com');
INSERT INTO alumno (id_alumno, nombre, email) VALUES (41, 'Estrella Murillo', 'Estrella_Murillo@gmail.com');
INSERT INTO alumno (id_alumno, nombre, email) VALUES (42, 'Ernesto Uriarte', 'Ernesto_Uriarte@gmail.com');
INSERT INTO alumno (id_alumno, nombre, email) VALUES (43, 'Daniela Guitart', 'Daniela_Guitart@gmail.com');
INSERT INTO alumno (id_alumno, nombre, email) VALUES (44, 'Timoteo Trillo', 'Timoteo_Trillo@gmail.com');
INSERT INTO alumno (id_alumno, nombre, email) VALUES (45, 'Ricarda Tovar', 'Ricarda_Tovar@gmail.com');
INSERT INTO alumno (id_alumno, nombre, email) VALUES (46, 'Alejandra Vilaplana', 'Alejandra_Vilaplana@gmail.com');
INSERT INTO alumno (id_alumno, nombre, email) VALUES (47, 'Daniel Rosselló', 'Daniel_Rosselló@gmail.com');
INSERT INTO alumno (id_alumno, nombre, email) VALUES (48, 'Rita Olivares', 'Rita_Olivares@gmail.com');
INSERT INTO alumno (id_alumno, nombre, email) VALUES (49, 'Cleto Montes', 'Cleto_Montes@gmail.com');
INSERT INTO alumno (id_alumno, nombre, email) VALUES (50, 'Marino Castilla', 'Marino_Castilla@gmail.com');
INSERT INTO alumno (id_alumno, nombre, email) VALUES (51, 'Estefanía Valcárcel', 'Estefanía_Valcárcel@gmail.com');
INSERT INTO alumno (id_alumno, nombre, email) VALUES (52, 'Noemí Vilanova', 'Noemí_Vilanova@gmail.com');

-- crear tabla de curso

CREATE TABLE curso (
    id_curso INT PRIMARY KEY,
    modalidad VARCHAR(255) NOT NULL,
    promocion VARCHAR(255) NOT NULL
);

INSERT INTO curso (id_curso, modalidad, promocion) VALUES (1, 'Presencial', 'Febrero');
INSERT INTO curso (id_curso, modalidad, promocion) VALUES (2, 'Presencial', 'Septiembre');
INSERT INTO curso (id_curso, modalidad, promocion) VALUES (3, 'Online', 'Febrero');
INSERT INTO curso (id_curso, modalidad, promocion) VALUES (4, 'Online', 'Septiembre');

-- crear tabla vertical (DS o FS)

CREATE TABLE vertical (
    id_vertical INT PRIMARY KEY,
    vertical VARCHAR NOT NULL
);

INSERT INTO vertical (id_vertical, vertical) VALUES (1,'Full Stack');
INSERT INTO vertical (id_vertical, vertical) VALUES (2,'Data Science');

-- crear tabla nota

CREATE TABLE nota (
    id_nota VARCHAR PRIMARY KEY
);

INSERT INTO nota (id_nota) VALUES ('apto');
INSERT INTO nota (id_nota) VALUES ('no apto');

-- crear tabla claustro

CREATE TABLE claustro (
    id_claustro INT PRIMARY KEY,
    nombre VARCHAR(255) NOT NULL,
    rol VARCHAR(255) NOT NULL
);

INSERT INTO claustro (id_claustro, nombre, rol) VALUES (1, 'Noa Yáñez', 'TA');
INSERT INTO claustro (id_claustro, nombre, rol) VALUES (2, 'Saturnina Benitez', 'TA');
INSERT INTO claustro (id_claustro, nombre, rol) VALUES (3, 'Anna Feliu', 'TA');
INSERT INTO claustro (id_claustro, nombre, rol) VALUES (4, 'Rosalva Ayuso', 'TA');
INSERT INTO claustro (id_claustro, nombre, rol) VALUES (5, 'Ana Sofía Ferrer', 'TA');
INSERT INTO claustro (id_claustro, nombre, rol) VALUES (6, 'Angélica Corral', 'TA');
INSERT INTO claustro (id_claustro, nombre, rol) VALUES (7, 'Ariel Lledó', 'TA');
INSERT INTO claustro (id_claustro, nombre, rol) VALUES (8, 'Mario Prats', 'LI');
INSERT INTO claustro (id_claustro, nombre, rol) VALUES (9, 'Luis Ángel Suárez', 'LI');
INSERT INTO claustro (id_claustro, nombre, rol) VALUES (10, 'María Dolores Diaz', 'LI');

-- crear tabla proyecto

CREATE TABLE proyecto (
    id_proyecto INT PRIMARY KEY,
    proyecto VARCHAR(255) NOT NULL
);

INSERT INTO proyecto (id_proyecto, proyecto) VALUES (1, 'Proyecto_HLF');
INSERT INTO proyecto (id_proyecto, proyecto) VALUES (2, 'Proyecto_EDA');
INSERT INTO proyecto (id_proyecto, proyecto) VALUES (3, 'Proyecto_BBDD');
INSERT INTO proyecto (id_proyecto, proyecto) VALUES (4, 'Proyecto_ML');
INSERT INTO proyecto (id_proyecto, proyecto) VALUES (5, 'Proyecto_Deployment');
INSERT INTO proyecto (id_proyecto, proyecto) VALUES (6, 'Proyecto_WebDev');
INSERT INTO proyecto (id_proyecto, proyecto) VALUES (7, 'Proyecto_FrontEnd');
INSERT INTO proyecto (id_proyecto, proyecto) VALUES (8, 'Proyecto_Backend');
INSERT INTO proyecto (id_proyecto, proyecto) VALUES (9, 'Proyecto_React');
INSERT INTO proyecto (id_proyecto, proyecto) VALUES (10, 'Proyecto_FullSatck');

-- crear tabla campus

CREATE TABLE campus (
    id_campus INT PRIMARY KEY,
    ciudad VARCHAR(255) NOT NULL
);

INSERT INTO campus (id_campus, ciudad) VALUES (1, 'Madrid');
INSERT INTO campus (id_campus, ciudad) VALUES (2, 'Valencia');

-- crear tabla intermedia alumno_curso

CREATE TABLE alumno_curso (
    id_alumno INT,
    id_curso INT,
    PRIMARY KEY (id_alumno, id_curso),
    FOREIGN KEY (id_alumno) REFERENCES alumno(id_alumno),
    FOREIGN KEY (id_curso) REFERENCES curso(id_curso)

);

INSERT INTO alumno_curso (id_alumno, id_curso) VALUES
(1, 1), (2, 1), (3, 1), (4, 1), (5, 1), (6, 1), (7, 1), (8, 1), (9, 1), (10, 1),
(11, 2), (12, 2), (13, 2), (14, 2), (15, 2), (16, 2), (17, 2), (18, 2), (19, 2), (20, 2),
(21, 3), (22, 3), (23, 3), (24, 3), (25, 3), (26, 3), (27, 3), (28, 3), (29, 3), (30, 3),
(31, 4), (32, 4), (33, 4), (34, 4), (35, 4), (36, 4), (37, 4), (38, 4), (39, 4), (40, 4),
(41, 1), (42, 2), (43, 3), (44, 4), (45, 1), (46, 2), (47, 3), (48, 4), (49, 1), (50, 2), (51, 3), (52, 4);

ALTER TABLE curso
ADD COLUMN id_campus INT,
ADD COLUMN id_vertical INT,
ADD FOREIGN KEY (id_campus) REFERENCES campus(id_campus),
ADD FOREIGN KEY (id_vertical) REFERENCES vertical(id_vertical);

-- crear tabla intermedia alumno_proyecto

CREATE TABLE alumno_proyecto (
    id_alumno INT,
    id_proyecto INT,
    id_nota VARCHAR,
    PRIMARY KEY (id_alumno, id_proyecto),
    FOREIGN KEY (id_alumno) REFERENCES alumno(id_alumno),
    FOREIGN KEY (id_proyecto) REFERENCES proyecto(id_proyecto),
    FOREIGN KEY (id_nota) REFERENCES nota(id_nota)
);

INSERT INTO alumno_proyecto (id_alumno, id_proyecto, id_nota) VALUES
(1, 1, 'apto'), 	(1, 2, 'no apto'), 	(1, 3, 'apto'), 	(1, 4, 'apto'),		(1, 5, 'apto'),
(2, 1, 'apto'), 	(2, 2, 'no apto'),	(2, 3, 'apto'),		(2, 4, 'apto'),		(2, 5, 'apto'),
(3, 1, 'apto'), 	(3, 2, 'apto'), 	(3, 3, 'apto'), 	(3, 4, 'no apto'), 	(3, 5, 'apto'),
(4, 1, 'apto'), 	(4, 2, 'no apto'), 	(4, 3, 'no apto'), 	(4, 4, 'apto'), 	(4, 5, 'no apto'),
(5, 1, 'apto'), 	(5, 2, 'no apto'), 	(5, 3, 'apto'), 	(5, 4, 'apto'),		(5, 5, 'apto'),

(6, 1, 'apto'), 	(6, 2, 'apto'), 	(6, 3, 'apto'), 	(6, 4, 'apto'),		(6, 5, 'apto'),
(7, 1, 'no apto'), 	(7, 2, 'apto'), 	(7, 3, 'apto'), 	(7, 4, 'apto'),		(7, 5, 'apto'),
(8, 1, 'no apto'), 	(8, 2, 'apto'), 	(8, 3, 'apto'), 	(8, 4, 'apto'),		(8, 5, 'apto'),
(9, 1, 'apto'), 	(9, 2, 'apto'), 	(9, 3, 'apto'), 	(9, 4, 'no apto'),	(9, 5, 'apto'),

(10, 1, 'apto'), 	(10, 2, 'no apto'), 	(10, 3, 'apto'), 	(10, 4, 'apto'),	(10, 5, 'apto'),
(11, 1, 'apto'), 	(11, 2, 'apto'), 	(11, 3, 'apto'), 	(11, 4, 'apto'),	(11, 5, 'apto'),
(12, 1, 'apto'), 	(12, 2, 'no apto'), 	(12, 3, 'no apto'), 	(12, 4, 'apto'),	(12, 5, 'apto'),
(13, 1, 'apto'), 	(13, 2, 'no apto'), 	(13, 3, 'apto'), 	(13, 4, 'apto'),	(13, 5, 'apto'),
(14, 1, 'apto'), 	(14, 2, 'apto'), 	(14, 3, 'apto'), 	(14, 4, 'apto'),	(14, 5, 'apto'),

(15, 1, 'apto'), 	(15, 2, 'apto'), 	(15, 3, 'apto'), 	(15, 4, 'apto'),	(15, 5, 'apto'),
(16, 1, 'apto'), 	(16, 2, 'no apto'), 	(16, 3, 'no apto'), 	(16, 4, 'apto'),	(16, 5, 'no apto'),
(17, 1, 'apto'), 	(17, 2, 'no apto'), 	(17, 3, 'apto'), 	(17, 4, 'apto'),	(17, 5, 'no apto'),
(18, 1, 'apto'), 	(18, 2, 'no apto'), 	(18, 3, 'apto'), 	(18, 4, 'apto'),	(18, 5, 'apto'),
(19, 1, 'apto'), 	(19, 2, 'apto'), 	(19, 3, 'apto'), 	(19, 4, 'apto'),	(19, 5, 'apto'),

(20, 1, 'no apto'), 	(20, 2, 'apto'), 	(20, 3, 'no apto'), 	(20, 4, 'apto'),	(20, 5, 'apto'),
(21, 1, 'no apto'), 	(21, 2, 'no apto'), 	(21, 3, 'apto'), 	(21, 4, 'apto'),	(21, 5, 'apto'),
(22, 1, 'apto'), 	(22, 2, 'apto'), 	(22, 3, 'no apto'), 	(22, 4, 'apto'),	(22, 5, 'apto'),
(23, 1, 'no apto'), 	(23, 2, 'apto'), 	(23, 3, 'no apto'), 	(23, 4, 'apto'),	(23, 5, 'apto'),
(24, 1, 'no apto'), 	(24, 2, 'apto'), 	(24, 3, 'no apto'), 	(24, 4, 'no apto'),	(24, 5, 'apto'),
(25, 1, 'apto'), 	(25, 2, 'apto'), 	(25, 3, 'apto'), 	(25, 4, 'apto'),	(25, 5, 'apto'),

(26, 6, 'apto'), 	(26, 7, 'apto'), 	(26, 8, 'apto'), 	(26, 9, 'apto'),	(26, 10, 'no apto'),
(27, 6, 'no apto'), 	(27, 7, 'no apto'), 	(27, 8, 'apto'), 	(27, 9, 'no apto'),	(27, 10, 'apto'),
(28, 6, 'apto'), 	(28, 7, 'no apto'), 	(28, 8, 'apto'), 	(28, 9, 'no apto'),	(28, 10, 'apto'),
(29, 6, 'apto'), 	(29, 7, 'no apto'), 	(29, 8, 'apto'), 	(29, 9, 'no apto'),	(29, 10, 'apto'),

(30, 6, 'apto'), 	(30, 7, 'apto'), 	(30, 8, 'apto'), 	(30, 9, 'apto'),	(30, 10, 'no apto'),
(31, 6, 'no apto'), 	(31, 7, 'no apto'), 	(31, 8, 'no apto'), 	(31, 9, 'apto'),	(31, 10, 'no apto'),
(32, 6, 'no apto'), 	(32, 7, 'apto'), 	(32, 8, 'apto'), 	(32, 9, 'apto'),	(32, 10, 'apto'),
(33, 6, 'apto'), 	(33, 7, 'apto'), 	(33, 8, 'no apto'), 	(33, 9, 'apto'),	(33, 10, 'apto'),
(34, 6, 'apto'), 	(34, 7, 'no apto'), 	(34, 8, 'apto'), 	(34, 9, 'apto'),	(34, 10, 'apto'),

(35, 6, 'no apto'), 	(35, 7, 'no apto'), 	(35, 8, 'apto'), 	(35, 9, 'no apto'),	(35, 10, 'apto'),
(36, 6, 'no apto'), 	(36, 7, 'apto'), 	(36, 8, 'apto'), 	(36, 9, 'apto'),	(36, 10, 'apto'),
(37, 6, 'apto'), 	(37, 7, 'apto'), 	(37, 8, 'apto'), 	(37, 9, 'apto'),	(37, 10, 'apto'),
(38, 6, 'apto'), 	(38, 7, 'apto'), 	(38, 8, 'no apto'), 	(38, 9, 'no apto'),	(38, 10, 'no apto'),
(39, 6, 'apto'), 	(39, 7, 'apto'), 	(39, 8, 'apto'), 	(39, 9, 'apto'),	(39, 10, 'apto'),

(40, 6, 'apto'), 	(40, 7, 'apto'), 	(40, 8, 'apto'), 	(40, 9, 'apto'),	(40, 10, 'apto'),
(41, 6, 'apto'), 	(41, 7, 'apto'), 	(41, 8, 'no apto'), 	(41, 9, 'apto'),	(41, 10, 'apto'),
(42, 6, 'apto'), 	(42, 7, 'apto'), 	(42, 8, 'apto'), 	(42, 9, 'apto'),	(42, 10, 'apto'),
(43, 6, 'apto'), 	(43, 7, 'no apto'), 	(43, 8, 'no apto'), 	(43, 9, 'apto'),	(43, 10, 'apto'),
(44, 6, 'no apto'), 	(44, 7, 'apto'), 	(44, 8, 'apto'), 	(44, 9, 'apto'),	(44, 10, 'no apto'),

(45, 6, 'apto'), 	(45, 7, 'apto'), 	(45, 8, 'apto'), 	(45, 9, 'apto'),	(45, 10, 'apto'),
(46, 6, 'no apto'), 	(46, 7, 'no apto'), 	(46, 8, 'no apto'), 	(46, 9, 'apto'),	(46, 10, 'apto'),
(47, 6, 'no apto'), 	(47, 7, 'no apto'), 	(47, 8, 'apto'), 	(47, 9, 'no apto'),	(47, 10, 'no apto'),
(48, 6, 'no apto'), 	(48, 7, 'no apto'), 	(48, 8, 'no apto'), 	(48, 9, 'apto'),	(48, 10, 'apto'),
(49, 6, 'apto'), 	(49, 7, 'apto'), 	(49, 8, 'no apto'), 	(49, 9, 'apto'),	(49, 10, 'apto'),

(50, 6, 'no apto'), 	(50, 7, 'no apto'), 	(50, 8, 'apto'), 	(50, 9, 'no apto'),	(50, 10, 'no apto'),
(51, 6, 'apto'), 	(51, 7, 'apto'), 	(51, 8, 'no apto'), 	(51, 9, 'no apto'),	(51, 10, 'apto'),
(52, 6, 'apto'), 	(52, 7, 'no apto'), 	(52, 8, 'no apto'), 	(52, 9, 'apto'),	(52, 10, 'apto');

ALTER TABLE proyecto
ADD COLUMN id_vertical INT,
ADD FOREIGN KEY (id_vertical) REFERENCES vertical(id_vertical);

-- crear tabla intermedia curso_claustro

CREATE TABLE curso_claustro (
    id_curso INT,
    id_claustro INT,
    PRIMARY KEY (id_curso, id_claustro),
    FOREIGN KEY (id_curso) REFERENCES curso(id_curso),
    FOREIGN KEY (id_claustro) REFERENCES claustro(id_claustro)
);

INSERT INTO curso_claustro (id_curso, id_claustro) VALUES
(1, 1), (1, 8), (1, 9),
(2, 2), (2, 5), (2, 10),
(3, 3), (3, 6), (3, 7),
(4, 4), (4, 8), (4, 10);